"law unit available subject enforceable goods b conditions name brand fresh court annexure foregone container claim","2.5","2.5","5.0"
"law unit available subject enforceable goods b conditions name brand fresh court annexure foregone container claim","2.5","2.5","5.0"
"temperature uht ultra high milk","2.5","2.5","5.0"
"milk food","2.5","2.5","5.0"
"nuts cream fruit cocoa milk matter","2.5","2.5","5.0"
"natural constituents","2.5","2.5","5.0"
"available subject chena container claim annexure foregone  enforceable b anda conditions name brand respect law unit paneer","2.5","2.5","5.0"
"frozen birds fresh eggs sugar matter water shell","2.5","2.5","5.0"
"available subject honey annexure foregone  enforceable b conditions name brand container claim respect law unit","2.5","2.5","5.0"
"bristles badger brush making waste pigs hogs hair boars","2.5","2.5","5.0"
"law unit available subject enforceable goods b conditions name brand fresh court container claim annexure foregone ","2.5","2.5","5.0"
"skins powder feathers parts waste","2.5","2.5","5.0"
"tortoise-shell horns whalebone powder ivory waste hair","2.5","2.5","5.0"
"echinoderms coral thereof shells similar materials molluscs powder waste","2.5","2.5","5.0"
"castoreum bile ambergris products pharmaceutical cantharides animal glands preparation","2.5","2.5","5.0"
"semen animals unfit chapter human products consumption animal","2.5","2.5","5.0"
"bark plant dry jaribooti flower herb root","2.5","2.5","5.0"
"container frozen unit water","2.5","2.5","5.0"
"unsuitable vegetables preservative water sulphur consumption dioxide gas example solutions","2.5","2.5","5.0"
"leguminous container","2.5","2.5","5.0"
"annexure inulin form  foregone  salep actionable jerusalem court high artichokes frozen potatoes enforceable b conditions sweet content name manioc available subject arrowroot tubers similar respect roots law unit pellets starch container brand claim","2.5","2.5","5.0"
"cashew ","2.5","2.5","5.0"
"unit container","2.5","2.5","5.0"
"matter frozen nuts","2.5","2.5","5.0"
"unsuitable preservative nuts fruit sulphur consumption dioxide gas example solutions","2.5","2.5","5.0"
"peel solutions brine watermelons frozen citrus melons fruit sulphur","2.5","2.5","5.0"
"skins coffee proportion husks","2.5","2.5","5.0"
"green leaves","2.5","2.5","5.0"
"ground pepper capsicum fruits pimenta genus","2.5","2.5","5.0"
"cinnamon flowers cinnamon-tree","2.5","2.5","5.0"
"cloves fruit","2.5","2.5","5.0"
"mace nutmeg cardamoms","2.5","2.5","5.0"
"cumin berries badian juniper anise quality caraway seed coriander seeds fennel","2.5","2.5","5.0"
"fresh saffron turmeric curry thyme ginger leaves curcuma bay spices","2.5","2.5","5.0"
"available subject container claim annexure foregone  enforceable i.e goods b anda conditions name brand cereals respect law unit","2.5","2.5","5.0"
"enforceable b conditions name brand container claim annexure foregone  available subject wheat meslin respect law unit","2.5","2.5","5.0"
"available subject enforceable b rye anda conditions name brand container claim annexure foregone  respect law unit","2.5","2.5","5.0"
"available subject container claim annexure foregone  respect law unit enforceable b conditions barley name brand","2.5","2.5","5.0"
"available subject container claim annexure foregone  respect law unit enforceable b conditions oats name brand","2.5","2.5","5.0"
"enforceable b conditions name maize brand available subject corn court container claim annexure foregone  respect law unit","2.5","2.5","5.0"
"enforceable b conditions name brand container claim annexure foregone  available subject rice respect law unit","2.5","2.5","5.0"
"available subject enforceable b conditions name brand container claim annexure grain foregone  respect law unit sorghum","2.5","2.5","5.0"
"container claim available subject bajra millet enforceable ragi b conditions name seed brand cereals respect law unit jawar annexure buckwheat foregone  court canary","2.5","2.5","5.0"
"container claim annexure foregone  enforceable b flour conditions name brand available subject wheat meslin respect law unit","2.5","2.5","5.0"
"annexure flours foregone  container claim corn court etc available subject cereal wheat meslin respect law unit enforceable i.e b rye flour conditions name maize brand","2.5","2.5","5.0"
"available subject cereal container claim respect law unit enforceable b conditions name groats court pellets annexure suji dalia meal foregone ","2.5","2.5","5.0"
"rice cereal example ground","2.5","2.5","5.0"
"enforceable b flour conditions granules flakes name brand annexure meal foregone  container claim court pellets respect law unit available subject powder potatoes","2.5","2.5","5.0"
"available subject sago guar powder tubers gum annexure meal foregone  enforceable products b conditions container pulses brand vegetables respect roots law unit","2.5","2.5","5.0"
"guar gum","2.5","2.5","5.0"
"gluten wheat","2.5","2.5","5.0"
"quality seed goods","2.5","2.5","5.0"
"quality seed","2.5","2.5","5.0"
"quality ground-nuts seed","2.5","2.5","5.0"
"quality seed","2.5","2.5","5.0"
"quality rape seed","2.5","2.5","5.0"
"quality seed seeds sunflower","2.5","2.5","5.0"
"quality mustard ajams fruits oil oleaginous castor nuts sesamum kernels mango poppy i.e cotton kokam kernel melon saffower niger seed palm seeds carthamustinctorius","2.5","2.5","5.0"
"flour mustard oleaginous meals fruits oil seeds","2.5","2.5","5.0"
"ground cones pellets hop form lupulin","2.5","2.5","5.0"
"seeds kind plants parts insecticidal","2.5","2.5","5.0"
"vegetable roots chicory locust kernels fruit algae kind beans products consumption variety cane ground cichoriumintybussativum seaweeds stones beet","2.5","2.5","5.0"
"natural balsams resins gums gum-resins shellac example oleoresins lac","2.5","2.5","5.0"
"heeng asafoetida","2.5","2.5","5.0"
"example bark vegetable materials reeds lime cereal kind rushes rattans raffia","2.5","2.5","5.0"
"seeds shell pips hulls betel indian rudraksha nuts hard leaves bidi coconut cotton kind products soap linters katha wrapper","2.5","2.5","5.0"
"oil fractions","2.5","2.5","5.0"
"oil fractions","2.5","2.5","5.0"
"oil fractions","2.5","2.5","5.0"
"olives oils","2.5","2.5","5.0"
"oil fractions","2.5","2.5","5.0"
"palm coconut oil babassu kernel fractions","2.5","2.5","5.0"
"oil fractions colza mustard rape","2.5","2.5","5.0"
"fractions oil fats jojoba","2.5","2.5","5.0"
"fats mixtures edible preparations oils different chapter fractions","2.5","2.5","5.0"
"oils heat vegetable vacuum fractions gas fats","2.5","2.5","5.0"
"cane sugar beet","2.5","2.5","5.0"
"kuliya khaja peanut patti revdi chikkis sugar groundnut sakariya harda gajak khajuli lukumdana bura mishri rice sweets anarsa palmyra khadi elaichidana gatta batasha sesame chikki til makhana sakar","2.5","2.5","5.0"
"whole beans","2.5","2.5","5.0"
"cocoa skins husks waste shells","2.5","2.5","5.0"
"cocoa paste","2.5","2.5","5.0"
"b""baker mixes doughs wares preparation s pastry bread""","2.5","2.5","5.0"
"vermicelli seviyan","2.5","2.5","5.0"
"similar tapioca starch pearls grains sabudana therefor substitutes forms form flakes siftings","2.5","2.5","5.0"
"pizza bread","2.5","2.5","5.0"
" roti khakhra plain chapatti","2.5","2.5","5.0"
"products rusks bread","2.5","2.5","5.0"
"batter idli/dosa chutney powder","2.5","2.5","5.0"
"available subject bhujia chabena court similar respect law unit namkeens container edible annexure form foregone enforceable mixture b conditions consumption name brand","2.5","2.5","5.0"
"snow ice","2.5","2.5","5.0"
"fish aquatic offal greaves molluscs consumption pellets meat invertebrates unfit meals flours crustaceans human","2.5","2.5","5.0"
"similar dregs beet-pulp pellets starch sugar form manufacture bagasse residues waste","2.5","2.5","5.0"
"solid residues pellets oil oil-cake form ground soyabean","2.5","2.5","5.0"
"solid residues pellets ground-nut oil oil-cake form","2.5","2.5","5.0"
"pellets extraction form ground fats vegetable solid residues oils","2.5","2.5","5.0"
"lees wine argol","2.5","2.5","5.0"
"leaves tobacco","2.5","2.5","5.0"
"sulphur kinds colloidal","2.5","2.5","5.0"
"natural graphite","2.5","2.5","5.0"
"sands metal","2.5","2.5","5.0"
"square blocks rectangular quartzite shape sands slabs","2.5","2.5","5.0"
"clays kaolin","2.5","2.5","5.0"
"clays andalusite kyanite chamotte earths dinas","2.5","2.5","5.0"
"natural phosphates calcium aluminium phosphatic","2.5","2.5","5.0"
"witherite barytes natural oxide barium carbonate","2.5","2.5","5.0"
"apparent earths example fossil gravity meals similar tripolite diatomite","2.5","2.5","5.0"
"natural pumice corundum abrasives emery garnet stone","2.5","2.5","5.0"
"slabs rectangular slate","2.5","2.5","5.0"
"monumental travertine alabaster building marble calcareous stone ecaussine","2.5","2.5","5.0"
"monumental blocks sandstone square stone shape slabs porphyry rectangular building","2.5","2.5","5.0"
"macadam dross similar stone slag materials grenules pebbles road shingle flint stones part aggregates waste powder kind","2.5","2.5","5.0"
"square blocks shape dolomite slabs mix","2.5","2.5","5.0"
"small carbonate magnesia oxides","2.5","2.5","5.0"
"anhydrite quantities gypsum retarders sulphate calcium accelerators","2.5","2.5","5.0"
"lime limestone manufacture kind calcareous stone cement flux","2.5","2.5","5.0"
"lime calcium hydroxide hydraulic quicklime","2.5","2.5","5.0"
"mica waste","2.5","2.5","5.0"
"shape slabs square blocks","2.5","2.5","5.0"
"borates dry weight brine h3bo3 acid concentrates  natural thereof","2.5","2.5","5.0"
"nepheline fluorspar syenite feldspar leucite","2.5","2.5","5.0"
"arsenic ash residues ores waste scalings steel municipal dross concentrates kelp incineration manufacture metals slag","2.5","2.5","5.0"
"pyrites concentrates","2.5","2.5","5.0"
"weight ferruginous content manganese dry ores","2.5","2.5","5.0"
"copper ores concentrates","2.5","2.5","5.0"
"nickel ores concentrates","2.5","2.5","5.0"
"cobalt concentrates ores","2.5","2.5","5.0"
"ores concentrates aluminium","2.5","2.5","5.0"
"ores concentrates lead","2.5","2.5","5.0"
"ores concentrates zinc","2.5","2.5","5.0"
"ores concentrates tin","2.5","2.5","5.0"
"ores concentrates chromium","2.5","2.5","5.0"
"tungsten ores concentrates","2.5","2.5","5.0"
"thorium ores uranium concentrates","2.5","2.5","5.0"
"ores concentrates molybdenum","2.5","2.5","5.0"
"titanium ores concentrates","2.5","2.5","5.0"
"tantalum niobium vanadium ores zirconium concentrates","2.5","2.5","5.0"
"metal precious ores concentrates","2.5","2.5","5.0"
"ores concentrates","2.5","2.5","5.0"
"sand manufacture","2.5","2.5","5.0"
"ash fly","2.5","2.5","5.0"
"solid coal briquettes","2.5","2.5","5.0"
"lignite jet","2.5","2.5","5.0"
"retort coal lignite coke carbon peat","2.5","2.5","5.0"
"similar water petroleum gaseous gases gas coal producer hydrocarbons","2.5","2.5","5.0"
"lignite coal tar peat","2.5","2.5","5.0"
"oil cst  ships ii  pds b vessels bunker ifo use","2.5","2.5","5.0"
"propane household category non-domestic mixture domestic lpg customers bharat oil hindustan petroleum gases ndec indian corporation","2.5","2.5","5.0"
"thorium oxalate","2.5","2.5","5.0"
"fluroborate kbf4","2.5","2.5","5.0"
"boron elemental","2.5","2.5","5.0"
"nuclear fuel","2.5","2.5","5.0"
"nuclear sodium","2.5","2.5","5.0"
"vaccines animal blood human","2.5","2.5","5.0"
"diagnostic detection hepatitis kits types","2.5","2.5","5.0"
"injection deferiprone desferrioxamine","2.5","2.5","5.0"
"bio-chemic medicaments veterinary","2.5","2.5","5.0"
"re-hydration oral salts","2.5","2.5","5.0"
"esters diagnostic schedule test kits list drugs","2.5","2.5","5.0"
"list formulations drugs bulk schedule","2.5","2.5","5.0"
"cosmetics kingdom homeopathic siddha ayurvedic accordance india act states case bio-chemic pharmacopoeia formulae german systems unani books america medicaments","2.5","2.5","5.0"
"vegetable brand name animal organic containers i.e unit fertilisersor fertilisers goods","2.5","2.5","5.0"
"wattle chestnut extract quebracho","2.5","2.5","5.0"
"enzymatic preparations","2.5","2.5","5.0"
" dhoop batti sambhrani lobhan agarbatti ","2.5","2.5","5.0"
"fish sperm castor oil","2.5","2.5","5.0"
"matches safety handmade","2.5","2.5","5.0"
"waste plastics scrap parings","2.5","2.5","5.0"
"natural chicle guayule strip sheets gums rubber balata gutta-percha primary forms similar plates","2.5","2.5","5.0"
"hard waste rubber scrap parings","2.5","2.5","5.0"
"pneumatic  tyres rubber aircraft new kind","2.5","2.5","5.0"
"inner bicycles tubes pneumatic kind tyres","2.5","2.5","5.0"
" paperboard paper waste","2.5","2.5","5.0"
"animals equine","2.5","2.5","5.0"
"buffalo animals equine hair skins","2.5","2.5","5.0"
"sheep crust","2.5","2.5","5.0"
"animals wool","2.5","2.5","5.0"
"buffalo animals equine leather","2.5","2.5","5.0"
"lamb sheep wool leather","2.5","2.5","5.0"
"animals wool leather","2.5","2.5","5.0"
"patent leather","2.5","2.5","5.0"
"suitable slabs  strip leather manufacture fibre composition rolls dust articles powder parings flour basis sheets waste","2.5","2.5","5.0"
"briquettes scrap logs similar particles pellets sawdust waste forms wood chips","2.5","2.5","5.0"
"products leaf  pouches grass wallets fibre","2.5","2.5","5.0"
"rolls sheets newsprint","2.5","2.5","5.0"
"mache kites paper articles ","2.5","2.5","5.0"
"leaflets sheets brochures","2.5","2.5","5.0"
"yarn silk","2.5","2.5","5.0"
"silk woven fabrics waste","2.5","2.5","5.0"
"fine wool shoddy animal hair coarse","2.5","2.5","5.0"
"fine wool animal hair coarse","2.5","2.5","5.0"
"yarn wool animal hair","2.5","2.5","5.0"
"wool woven fabrics animal hair","2.5","2.5","5.0"
"cotton waste","2.5","2.5","5.0"
"sale thread","2.5","2.5","5.0"
"yarn khadi cotton","2.5","2.5","5.0"
"cotton woven fabrics","2.5","2.5","5.0"
"raw stock tow flax","2.5","2.5","5.0"
"raw stock l true waste sativa cannabis","2.5","2.5","5.0"
"raw yarn waste fibres textile bast i.e goods jute stock tow","2.5","2.5","5.0"
"fibres coconut fibre goods yarn jute bast flax textile vegetable paper coir","2.5","2.5","5.0"
"yarn woven textile fabrics paper fibres","2.5","2.5","5.0"
"materials woven fabrics manmade textile","2.5","2.5","5.0"
"woven fabrics staple manmade fibres","2.5","2.5","5.0"
"real zari textile silver  gold thread","2.5","2.5","5.0"
"jute coir cordage ropes twine","2.5","2.5","5.0"
"rope nets cordage","2.5","2.5","5.0"
"products coir ","2.5","2.5","5.0"
"corduroy fabrics","2.5","2.5","5.0"
"adhesive warp bolducs woven means fabrics weft","2.5","2.5","5.0"
"saree  fall","2.5","2.5","5.0"
"coir mats","2.5","2.5","5.0"
"naqsi saima beads glzal kasab chumki kora badla articles dabka gotasitara embroidery glass imi","2.5","2.5","5.0"
"fabrics goods","2.5","2.5","5.0"
"rs sale value piece articles","2.5","2.5","5.0"
"rs sale value piece articles","2.5","2.5","5.0"
"sale value rs piece articles","2.5","2.5","5.0"
"clothing articles","2.5","2.5","5.0"
"price rs.500 sale footwear","2.5","2.5","5.0"
"aggregate bricks percent content fly","2.5","2.5","5.0"
"bricks fossil earths meals siliceous","2.5","2.5","5.0"
"building bricks","2.5","2.5","5.0"
"cullet waste glass scrap","2.5","2.5","5.0"
"beads glass","2.5","2.5","5.0"
"atta pawan chakki air","2.5","2.5","5.0"
"engines aircraft","2.5","2.5","5.0"
" parts thereof pumps","2.5","2.5","5.0"
"system solar heater water","2.5","2.5","5.0"
"parts seed farm cereals thereof machinery grain type industry vegetables","2.5","2.5","5.0"
"renewable energy manufacture","2.5","2.5","5.0"
"whole consumer means  explanation e equipment management electronic 23rd part g.s.r electrical vide bulk march india waste purpose rules gazette entry","2.5","2.5","5.0"
"electric external locomotives rail electricity source accumulators","2.5","2.5","5.0"
"locomotives tenders diesel-electric rail thereof locomotive steam","2.5","2.5","5.0"
"railway trucks tramway","2.5","2.5","5.0"
"ballast track railway maintenance example trackliners coaches cranes tramway workshops inspection vehicles service tampers","2.5","2.5","5.0"
"luggage post office tramway passenger purpose coaches vans railway","2.5","2.5","5.0"
"wagons vans railway tramway","2.5","2.5","5.0"
"locomotives rolling-stock parts railway tramway wheels thereof bissel-bogies bogies axles","2.5","2.5","5.0"
"mechanical control tramway fittings inland equipment waterways parts port airfields safety facilities electro-mechanical roads tramways railways installations track traffic railway fixtures","2.5","2.5","5.0"
"carriages persons","2.5","2.5","5.0"
"example aeroplanes helicopters","2.5","2.5","5.0"
"ships vessels transport persons ferry-boats cargo goods cruise boats excursion similar barges","2.5","2.5","5.0"
"fishery processing factory vessels ships","2.5","2.5","5.0"
"craft tugs pusher","2.5","2.5","5.0"
"main fire-floats production function submersible navigability dredgers platforms cranes docks vessels light-vessels","2.5","2.5","5.0"
"boats warships","2.5","2.5","5.0"
"example landing-stages rafts structures coffer-dams tanks buoys beacons","2.5","2.5","5.0"
"parts headings","2.5","2.5","5.0"
"cardiac use stents catheters stent coronary systems","2.5","2.5","5.0"
"artificial kidney","2.5","2.5","5.0"
" rs sale quilts value","2.5","2.5","5.0"
"seats aircraft","2.5","2.5","5.0"
"artificial kidney micro barrier dialyzer","2.5","2.5","5.0"
"assistive list aids schedule rehabilitation devices","2.5","2.5","5.0"
"lantern kerosene pressure","2.5","2.5","5.0"
"kerosene mantles pressure gas parts lanterns","2.5","2.5","5.0"
"natural latex rubber balloons","2.5","2.5","5.0"
"coral articles  corals","2.5","2.5","5.0"
"stamps stationery paper postal stamp-postmarks revenue","2.5","2.5","5.0"
"coins numismatic","2.5","2.5","5.0"
"formulations test diagnostic s.no.181 kits drugs personal esters medicines","2.5","2.5","5.0"
" beads hawan prayer rosaries samagri","2.5","2.5","5.0"
"briquettes biomass","2.5","2.5","5.0"
"law unit available subject enforceable goods b conditions name brand fresh court container claim annexure foregone ","2.5","2.5","5.0"
"macadamia coryius kola cola chestnuts nuts pistachios castanea spp hazelnuts filberts","6.0","6.0","12.0"
"hard pineapples guavas soft mangosteens avocados","6.0","6.0","12.0"
"chestnut nuts chapter tamarind fruit singhada fruits","6.0","6.0","12.0"
"starches inulin","6.0","6.0","12.0"
"fats poultry lard","6.0","6.0","12.0"
"fats goats bovine animals","6.0","6.0","12.0"
"oleo-oil stearin oil tallow","6.0","6.0","12.0"
"fats fish marine mammals","6.0","6.0","12.0"
"substances wool therefrom fatty lanolin","6.0","6.0","12.0"
"fats animal","6.0","6.0","12.0"
"fats mixtures edible animal preparations oils different chapter fractions","6.0","6.0","12.0"
"preparations chapter inedible animal oils heat vegetable vacuum fractions gas fats","6.0","6.0","12.0"
"sausages offal meat food preparations blood","6.0","6.0","12.0"
"offal meat blood","6.0","6.0","12.0"
"fish juices aquatic molluscs extracts meat invertebrates crustaceans","6.0","6.0","12.0"
"fish eggs caviar","6.0","6.0","12.0"
"molluscs invertebrates crustaceans","6.0","6.0","12.0"
"sugar matter","6.0","6.0","12.0"
"lasagne noodles gnocchi  meat pasta ravioli cannelloni substances spaghetti couscous","6.0","6.0","12.0"
"parts acid fruit edible acetic vinegar nuts vegetables","6.0","6.0","12.0"
"acid tomatoes vinegar","6.0","6.0","12.0"
"acid vinegar","6.0","6.0","12.0"
"acetic vinegar frozen","6.0","6.0","12.0"
"acetic vinegar frozen","6.0","6.0","12.0"
"glac plants parts fruit-peel fruit sugar nuts vegetables","6.0","6.0","12.0"
"jellies sugar jams marmalades cooking nut pure fruit","6.0","6.0","12.0"
"seeds cashew nut pineapple nuts fruit mango ground-nuts lemon plants spirit edible sugar fruits","6.0","6.0","12.0"
"matter spirit juices fruit","6.0","6.0","12.0"
"chicory extracts thereof coffee concentrates substitutes essences","6.0","6.0","12.0"
"inactive single powders cell dead micro-organisms","6.0","6.0","12.0"
"preparations salad dressings therefor sauces meal goods paste seasonings mustard curry condiments mayonnaise flour","6.0","6.0","12.0"
"milk soya drinks","6.0","6.0","12.0"
"similar unit bhujia mixture ready edible form  namkeens container preparations gram chabena","6.0","6.0","12.0"
"diabetic foods","6.0","6.0","12.0"
"milk soya drinks","6.0","6.0","12.0"
"juice fruit drinks pulp","6.0","6.0","12.0"
"tender unit water container coconut","6.0","6.0","12.0"
"beverages milk","6.0","6.0","12.0"
"marble blocks travertine","6.0","6.0","12.0"
"blocks granite","6.0","6.0","12.0"
"potassium iodate","6.0","6.0","12.0"
"order serial micronutrients manufacturers 1f control fertilizer schedule part","6.0","6.0","12.0"
"medical oxygen grade","6.0","6.0","12.0"
"grade hydrogen peroxide medicinal","6.0","6.0","12.0"
"acid gibberellic","6.0","6.0","12.0"
"salts prophylactic heparin human substances secretions organo-therapeutic animal therapeutic","6.0","6.0","12.0"
"biotechnological processes diagnostic prophylactic blood fractions toxins micro-organisms antisera cultures yeasts products animal therapeutic","6.0","6.0","12.0"
"constituents medicaments ayurvaedic therapeutic packings goods siddha bio-chemic doses sale systems","6.0","6.0","12.0"
"medicaments ayurvaedic uses bio-chemic form doses administration systems sale homoeopathic transdermal unani therapeutic packings products goods","6.0","6.0","12.0"
"veterinary example retail gauze packings medical sale dressings similar bandages substances surgical articles adhesive pharmaceutical dental plasters purposes","6.0","6.0","12.0"
"absorbable tents adhesion adhesives contraceptives tissue laminaria similar chapter materials surgical suture i.e note goods pharmaceutical yarns denatal closure haemostatics catgut dental pharmaceuticals sterile barriers waste","6.0","6.0","12.0"
"fertilizers chemical nitrogenous fertilisers","2.5","2.5","5.0"
"phosphatic fertilisers fertilizers chemical","2.5","2.5","5.0"
"fertilizers chemical potassic fertilisers","2.5","2.5","5.0"
"mineral elements tablets packages potassium nitrogen goods weight forms fertilizers phosphorus kg","2.5","2.5","5.0"
"caps textile","6.0","6.0","12.0"
"inks pen ball drawing solid fountain ink","6.0","6.0","12.0"
"tooth powder","6.0","6.0","12.0"
"odoriferous dhoop batti agarbattis lobhan preparations sambhran","6.0","6.0","12.0"
"goods peppermint b menthol f mentha spearmint oil piperita dmo crystals c dtmo e","6.0","6.0","12.0"
"medical x-ray use photographic plates film","6.0","6.0","12.0"
"x-ray paper flat textiles material cinematographic film instant print photographic plates packs","9.0","9.0","18.0"
"photographic film cinematographic plates","6.0","6.0","12.0"
"silicon wafers","6.0","6.0","12.0"
"diagnostic reagents kits","6.0","6.0","12.0"
"beads plastic","6.0","6.0","12.0"
"latex rubber thread","6.0","6.0","12.0"
"hard purposes mitts articles accessories gloves apparel clothing mittens surgical","9.0","9.0","18.0"
" bands rubber","6.0","6.0","12.0"
"suitable slabs strip leather manufacture fibre composition rolls dust articles powder parings flour basis sheets waste","6.0","6.0","12.0"
"precious marble metals stone","6.0","6.0","12.0"
"precious marble metals stone","6.0","6.0","12.0"
"precious marble metals stone","6.0","6.0","12.0"
"suitable umbrellas wooden tool sticks wood hoopwood poles sawn lengthwise manufacture walking-sticks","6.0","6.0","12.0"
"flour wood wool","6.0","6.0","12.0"
"sleepers cross-ties wood railway tramway","6.0","6.0","12.0"
"thickness sawn mm wood lengthwise plywood","6.0","6.0","12.0"
"similar crates drums boxes collars cases packings pallets wood boards box load pallet cable-drums","6.0","6.0","12.0"
"products staves wood parts tubs vats thereof barrels casks coopers","6.0","6.0","12.0"
"broom wood shoe brush bodies tools boot trees tool lasts","6.0","6.0","12.0"
"wood kitchenware tableware","6.0","6.0","12.0"
"similar chapter marquetry articles cases furniture jewellery cutlery caskets ornaments wood statuettes","6.0","6.0","12.0"
"paddles boats bobbins various splints articles reels clothes tableware pencil rudders hangers oars wood thread domestic similar textile cops blocks spools structures","6.0","6.0","12.0"
"articles strips form bamboo example woven mats sheet parallel products plaits screens similar materials","6.0","6.0","12.0"
"articles loofah wickerwork shape goods","6.0","6.0","12.0"
"pulp wood","6.0","6.0","12.0"
"chemical grades pulp","6.0","6.0","12.0"
"chemical sulphate grades soda pulp","6.0","6.0","12.0"
"chemical grades pulp wood sulphite","6.0","6.0","12.0"
"processes combination mechanical chemical","6.0","6.0","12.0"
"material scrap pulps paperboard cellulosic paper fibrous waste fibres","6.0","6.0","12.0"
"rolls non kind rectangular graphic punch sheets size punch-cards purposes tape -made","6.0","6.0","12.0"
"paper kraft paperboard sheets","6.0","6.0","12.0"
"chapter rolls note sheets","6.0","6.0","12.0"
"greaseproof papers","6.0","6.0","12.0"
"glassine papers","6.0","6.0","12.0"
"paper flat paperboard composite rolls adhesive sheets","6.0","6.0","12.0"
"flat paperboard sheets surface","6.0","6.0","12.0"
"clay binder paperboard square rolls kaolin china substances inorganic sides size paper","6.0","6.0","12.0"
"paper aseptic","6.0","6.0","12.0"
"laboratory notebooks graph book note","6.0","6.0","12.0"
"compendiums stationery pouches paperboard assortment paper boxes wallets","6.0","6.0","12.0"
"paper trays pulp","6.0","6.0","12.0"
"splints paper sheets","6.0","6.0","12.0"
"originals photographic carbon copies -written industrial paper engineering reproductions texts drawings topographical plans commercial similar  architectural","6.0","6.0","12.0"
"current duty cheque country new titleother scrips revenue stamps banknotes bond credit forms stock value postage similar issue paper certificates","6.0","6.0","12.0"
"decalcomanias transfers","6.0","6.0","12.0"
"cards announcements greetings messages envelopes postcards","6.0","6.0","12.0"
"calendars blocks calendar","6.0","6.0","12.0"
"plan material trade architectural inlay catalogues industrial purposes devices engineering matter drawings topographical photographs commercial posters cards designs","6.0","6.0","12.0"
"filaments sale thread","6.0","6.0","12.0"
"yarns filament artificial synthetic","6.0","6.0","12.0"
"staple manmade fibres","6.0","6.0","12.0"
"yarn staple manmade fibres","6.0","6.0","12.0"
"wool absorbent articles thereof cotton textile","6.0","6.0","12.0"
"yarn thread strip cord rubber","6.0","6.0","12.0"
"metal strip textile zari imitation yarn","6.0","6.0","12.0"
"horsehair chenille","6.0","6.0","12.0"
"ropes twine cables cordage rubber coir","6.0","6.0","12.0"
"twine products yarn rope cordage","6.0","6.0","12.0"
"similar textile rugs -woven carpets coverings   kelem","6.0","6.0","12.0"
"coverings carpets","6.0","6.0","12.0"
"mats handloom rugs textile carpets predominates cotton mattings weight coverings bath","6.0","6.0","12.0"
"pile woven fabrics chenille","6.0","6.0","12.0"
"textile fabrics narrow woven","6.0","6.0","12.0"
"fabrics gauze","6.0","6.0","12.0"
"motifs piece tulles strips fabrics lace woven headings","6.0","6.0","12.0"
"-woven petit flanders gobelins stitch beauvais tapestries aubusson type example point","6.0","6.0","12.0"
"size badges piece shape articles strips similar textile materials labels","6.0","6.0","12.0"
"fall saree  ornamental similar tassels articlesother piece pompons trimmings braids","6.0","6.0","12.0"
"thread kora woven metal chumki badla fabrics embroidery similar apparel sitara naqsi saima gota glzal kasab articles dabka zari kind","6.0","6.0","12.0"
"kora glass gota glzal kasab piece articles dabka strips zari badges beads badla embroidery imi sitara motifs naqsi saima","6.0","6.0","12.0"
"textile materials piece products","6.0","6.0","12.0"
"similar textile substances amylaceous fabrics cloth buckram canvas books outer kind painting","6.0","6.0","12.0"
"yarn tyre nylon polyesters viscose fabric high rayon cord tenacity polyamides","6.0","6.0","12.0"
"shape textile","6.0","6.0","12.0"
"wall coverings textile","6.0","6.0","12.0"
"scenery back-cloths canvas studio","6.0","6.0","12.0"
"fabric stoves woven incandescent lamps textile therefor lighters gas tubular wicks mantles mantle","6.0","6.0","12.0"
"similar textile armour accessories","6.0","6.0","12.0"
"metal conveyor belting transmission","6.0","6.0","12.0"
"b""parts beams presses fabrics articles discs material industries paper rubber note kind products machines jute yarn making gaskets textiles oil maker technical cloth washers plant woven purposes uses spindles s machinery hair chapter textile card clothing""","6.0","6.0","12.0"
"rs sale value","6.0","6.0","12.0"
"rs sale value piece articles","6.0","6.0","12.0"
"sale value rs rags textile piece articles","6.0","6.0","12.0"
"hats textile fabrics lace","6.0","6.0","12.0"
"similar walking-stick sun garden","6.0","6.0","12.0"
"walking-sticks whips riding-crops seat-sticks","6.0","6.0","12.0"
"articles accessories","6.0","6.0","12.0"
"feathers parts quills scapes articles thereof goods","6.0","6.0","12.0"
"bricks lime work inlay sand stone","6.0","6.0","12.0"
"low goods weights figures crosses animals statues ornamental stone bowls reliefs fruit cachou ashtrays pedestals cups etc paper boxes vases foliage","6.0","6.0","12.0"
"blocks bricks fly ash","6.0","6.0","12.0"
"china porcelain toilet articles kitchenware household tableware","6.0","6.0","12.0"
"china porcelain toilet articles kitchenware household tableware","6.0","6.0","12.0"
"statues ornamental articles","6.0","6.0","12.0"
"corrective buttons spectacles flint glasses","6.0","6.0","12.0"
"wick founts lanterns chimneys glass lamps kerosene globes","6.0","6.0","12.0"
"mathematical sharpeners7317 colour boxes geometry pencil","6.0","6.0","12.0"
"nails animal shoe","6.0","6.0","12.0"
"steel kerosene burners stoves","6.0","6.0","12.0"
"steel wool pads","9.0","9.0","18.0"
"copper table articles kitchen household utensils","6.0","6.0","12.0"
"table articles kitchen aluminium household utensils","6.0","6.0","12.0"
"knives paper blades sharpeners therefor pencil","6.0","6.0","12.0"
"similar butter-knives spoons forks ladles tongs fish-knives skimmers kitchen sugar cake-servers tableware","6.0","6.0","12.0"
"similar mirrors picture non-electric frames photograph gongs ornaments bells metal statuettes","6.0","6.0","12.0"
"nuclear fuel reactors cartridges","6.0","6.0","12.0"
"15hp power diesel engines","6.0","6.0","12.0"
"centrifugal power axial pumps horizontal vertical deep turbine submersible flow","6.0","6.0","12.0"
"bicycle pumps","6.0","6.0","12.0"
" pumps","6.0","6.0","12.0"
"compressors vacuum parts bicycle air pumps","6.0","6.0","12.0"
"nozzles sprinklers irrigation drip equipment","6.0","6.0","12.0"
"cultivation lawn forestry rollers machinery agricultural soil parts sports-ground preparation","6.0","6.0","12.0"
"balers mowers machines agricultural fodder hay grass parts straw machinery","6.0","6.0","12.0"
"machines dairy machinery","6.0","6.0","12.0"
"germination horticultural plant forestry thermal machinery equipment mechanical incubators brooders","6.0","6.0","12.0"
"bases needles machine","6.0","6.0","12.0"
"grinder wet","6.0","6.0","12.0"
"wireless networks telephones cellular","6.0","6.0","12.0"
"wireless parts networks manufacture telephones cellular","6.0","6.0","12.0"
"forces radio talkie defence walkie police paramilitary etc two-way","6.0","6.0","12.0"
"cc road engine capacity semi-trailers","6.0","6.0","12.0"
"weapons parts tanks","6.0","6.0","12.0"
"cycles delivery tricycles","6.0","6.0","12.0"
"cycles parts delivery tricycles","6.0","6.0","12.0"
"trailers purposes","6.0","6.0","12.0"
"animal carts rickshaws vehicles","6.0","6.0","12.0"
"test system glucose strips glucometer blood","6.0","6.0","12.0"
"device occlusion ductus patent septal arteriousus defect atrial","6.0","6.0","12.0"
"permanent goods ip software technology property respect information","6.0","6.0","12.0"
"contact lenses spectacle","6.0","6.0","12.0"
"intraocular lens","6.0","6.0","12.0"
"corrective spectacles","6.0","6.0","12.0"
"drawing mathematical pantographs","6.0","6.0","12.0"
"veterinary sciences medical dental surgical scintigraphic apparatus instruments appliances","6.0","6.0","12.0"
"therapy appliances psychological massage apparatus mechano-therapy aerosol oxygen artificial ozone respiration therapeutic","6.0","6.0","12.0"
"mechanical parts masks replaceable appliances gas","6.0","6.0","12.0"
"lens aids parts compensate body hearing fracture crutches splints disability appliances intraocular orthopaedic belts surgical trusses artificial defect","6.0","6.0","12.0"
"dental x-ray high apparatus uses light veterinary chairs treatment examinations x-rays medical desks generators tension tables radiotherapy screens panels alpha radiations surgical use gamma control radiography tubes beta","6.0","6.0","12.0"
"products coir","6.0","6.0","12.0"
"products materials","6.0","6.0","12.0"
"rs sale quilts value","6.0","6.0","12.0"
"chimney petromax lamp parts lanterns glass thereof lantern kerosene hurricane pressure","6.0","6.0","12.0"
"lamps lights","6.0","6.0","12.0"
"light driver circuit board metal core","6.0","6.0","12.0"
"electronic thereof tricycles scooters parts etc pedal accessories toys cars","6.0","6.0","12.0"
"games etc cards carom chess video ludo board game consoles machines","6.0","6.0","12.0"
"physical goods general articles sports equipments","6.0","6.0","12.0"
"nets rods decoy birds similar line shooting tackle smilar fish  requisites ","6.0","6.0","12.0"
"antlers tortoise pearl bone  horn articles ivory material animal mother materials","6.0","6.0","12.0"
"pens fountain stylograph","6.0","6.0","12.0"
"drawing  pastels tailor charcoals crayons","6.0","6.0","12.0"
"grips hair-curlers parts hairpins thereof combs","6.0","6.0","12.0"
"napkin sanitary babies pads material liners towels articles napkins tampons","6.0","6.0","12.0"
"decorative plaques drawings pastels articles collages paintings ","6.0","6.0","12.0"
"original prints lithographs","6.0","6.0","12.0"
"original sculptures statuary material","6.0","6.0","12.0"
"botanical anatomical ethnographic archaeological numismatic historical coins interest collectors pieces mineralogical paleontological collections zoological","6.0","6.0","12.0"
"lottery state run governments","6.0","6.0","12.0"
" bags cotton","6.0","6.0","12.0"
" bags","6.0","6.0","12.0"
"flow power axial water horizontal use centrifugal pumps parts submersible","9.0","9.0","18.0"
"pectinates pectic agar-agar mucilages pectates thickeners saps products substances extracts","9.0","9.0","18.0"
"wrapper tendu leaves bidi","9.0","9.0","18.0"
"katha indian","9.0","9.0","18.0"
"linoxyn margarine i.e goods","9.0","9.0","18.0"
"glycerol crude waters lyes","9.0","9.0","18.0"
"waxes beeswax insect triglycerides","9.0","9.0","18.0"
"waxes substances degras fatty residues animal","9.0","9.0","18.0"
"glucose syrups maltose caramel fructose palmyra pure sugars honey sugar lactose form matter","9.0","9.0","18.0"
"kuliya peanut patti revdi chikkis sugar groundnut  sakariya harda gajak lukumdana bura mishri rice sweets khadi elaichidana gatta batasha confectionery chikki sesame til makhana sakar","9.0","9.0","18.0"
"preparations bakers starch preparation food goods cocoa weight flour basis  doughs","9.0","9.0","18.0"
"bulgar khoi rice foods cereal wheat gur i.e goods flakes chira murki sugar","9.0","9.0","18.0"
"biscuits pastries bread papad i.e waffles wafers goods chocolate cakes pizza","9.0","9.0","18.0"
"tea mate basis extracts concentrates preparations i.e essences goods","9.0","9.0","18.0"
"composite broths soups preparations food therefor","9.0","9.0","18.0"
"cocoa ice cream edible","9.0","9.0","18.0"
"similar idli/dosa bhujia foods powder mixture batters edible food form  batter chutney namkeens consumption khakhra gram chabena","9.0","9.0","18.0"
"mineral waters","9.0","9.0","18.0"
"tender non-alcoholic beverages coconut water","9.0","9.0","18.0"
"ethyl strength alcohol spirits","9.0","9.0","18.0"
"vinegar substitutes acetic","9.0","9.0","18.0"
"blocks travertine marble","9.0","9.0","18.0"
" blocks granite","9.0","9.0","18.0"
"waste manufacture dross slag scalings","9.0","9.0","18.0"
"manufacture ash compounds slag metals steel residues","9.0","9.0","18.0"
"waste incineration ash slag residues kelp fly","9.0","9.0","18.0"
"similar toluene exceeds constituents products weight toluole naphthelene oils benzene aromatic high xylole benzole temperature non-aromatic distillation coal xylenes tar","9.0","9.0","18.0"
"mineral tars coal coke tar pitch","9.0","9.0","18.0"
" petroleum avgas minerals atf bituminous constituents kerosene pds weight petrol waste oils gst diesel","9.0","9.0","18.0"
"propylene propane household category consumers butanes domestic lpg ethylene customers bharat oil butylene hindustan butadiene petroleum gases ndec indian corporation hydrocarbons mixture non-domestic butane gaseous","9.0","9.0","18.0"
"petroleum waxes similar mineral ozokerite synthesis micro-crystalline wax products lignite slack","9.0","9.0","18.0"
"petroleum minerals residues bituminous bitumen coke oils","9.0","9.0","18.0"
"natural tar bituminous bitumen asphaltites asphaltic rocks oil shale asphalt sands","9.0","9.0","18.0"
"asphalt petroleum mineral mixtures natural mastics cut-backs bituminous bitumen tar pitch","9.0","9.0","18.0"
"schedule schedules inorganic chemicals","9.0","9.0","18.0"
"acid organic chemicals giberellic","9.0","9.0","18.0"
"nicotine polacrilex gum","9.0","9.0","18.0"
"fertilizers chemical nitrogenous fertilisers","9.0","9.0","18.0"
"phosphatic fertilisers fertilizers chemical","9.0","9.0","18.0"
"fertilizers chemical potassic fertilisers","9.0","9.0","18.0"
"mineral elements tablets packages potassium nitrogen goods weight forms fertilizers phosphorus kg","9.0","9.0","18.0"
"tannins esters ethers wattle quebracho derivatives origin extracts chestnut salts","9.0","9.0","18.0"
"inorganic organic enzymatic preparations","9.0","9.0","18.0"
"matter extracts black note preparations chapter","9.0","9.0","18.0"
"preparations chapter synthetic kind note products fluorescent organic matter luminophores","9.0","9.0","18.0"
"note colour chapter preparations","9.0","9.0","18.0"
"kind note products chapter inorganic","9.0","9.0","18.0"
" industry engobes glass form vitrifiable ceramic powder glazes liquid kind colours lustres granules flakes enamels frit opacifiers slips pigments","9.0","9.0","18.0"
"paints form matter sale dyes manufacture non-aqueous paste metallic liquid kind media pigments foils packings retail flakes powders enamels","9.0","9.0","18.0"
"tints forms artists painters pans amusement bottles tablets students tubes colours signboard  jars packings","9.0","9.0","18.0"
"enfleurage liquors deterpenation by-products fruit bases types terpenic attars essential oleoresins aqueous distillates resinoids absolutes kinds oils essences etc terpeneless maceration oil concentrates citrus concretes fats eucalyptus solutions waxes","9.0","9.0","18.0"
"crystals substances dtmo synthetic kind peppermint spearmint oil odoriferous industry solutions raw menthol basis mentha compounds piperita preparations dmo manufacture perfumery materials","9.0","9.0","18.0"
"waters toilet perfumes","9.0","9.0","18.0"
"make-up kumkum tan bindi beauty preparations manicure kajal pedicure care sindur skin sun medicaments alta","9.0","9.0","18.0"
"sticks kajal pencil","9.0","9.0","18.0"
"paper cakes surface-active cream use shapes detergent pieces skin nonwovens liquid soap products form sale surface organic","9.0","9.0","18.0"
"shapes impression calcium wax gypsum dentistry basis plaster sticks   sale sulphate preparations horseshoe similar plates packings compounds","9.0","9.0","18.0"
"casein derivatives glues caseinates","9.0","9.0","18.0"
"proteins matter concentrates whey albumins derivatives dry weight albuminates albumin","9.0","9.0","18.0"
"derivatives origin gelatin rectangular isinglass casein square sheets animal","9.0","9.0","18.0"
"substances derivatives peptones soya","9.0","9.0","18.0"
"glues dextrins","9.0","9.0","18.0"
"suitable adhesives products weight kg sale","9.0","9.0","18.0"
"propellant powders","9.0","9.0","18.0"
"caps percussion detonators electric safety fuses igniters","9.0","9.0","18.0"
"instant print paperboard paper photographic textiles material film","9.0","9.0","18.0"
"paper photographic textiles","9.0","9.0","18.0"
"photographic plates textiles film","9.0","9.0","18.0"
"retail chemical photographic preparations varnishes glues similar portions ready uses adhesives form sale","9.0","9.0","18.0"
"artificial preparations colloidal semi-manufactures carbon graphite plates semi-colloidal form blocks pastes","9.0","9.0","18.0"
"products mineral black animal","9.0","9.0","18.0"
"manufacture lyes pulp residual wood lignin sulphonates","9.0","9.0","18.0"
"woods crude wood constituent gum oil treatment coniferous sulphite para-cymene sulphate distillation turpentine dipentene alpha-terpineol terpenic pine oils","9.0","9.0","18.0"
"gums resin thereof oils spirit rosin acids derivatives","9.0","9.0","18.0"
"brewers acids wood resin creosote oils preparations naphtha tar pitch","9.0","9.0","18.0"
"products regulators disinfectants plant-growth insecticides fungicides rodenticides","9.0","9.0","18.0"
"agents kind products leather accelerate preparations dressings mordants textile paper carriers dye example","9.0","9.0","18.0"
"preparations materials electrodes cores metal surfaces fluxes kind auxiliary powders pastes coatings","9.0","9.0","18.0"
"preparations agents plasticisers accelerators plastics rubber stabilisers","9.0","9.0","18.0"
"preparations reaction accelerators catalytic initiators","9.0","9.0","18.0"
"refractory cements mortars concretes products compositions","9.0","9.0","18.0"
"alkylnaphthalenes alkylbenzenes","9.0","9.0","18.0"
"forms electronics similar silicon use chemical wafers discs form compounds","9.0","9.0","18.0"
"culture development human media plant viruses cells maintenance micro-organisms","9.0","9.0","18.0"
"oils alcohols acids monocarboxylic acid fatty","9.0","9.0","18.0"
"preparations moulds cores products industries binders foundry chemical","9.0","9.0","18.0"
"chemical sludge waste municipal sewage residual chapter note products wastes","9.0","9.0","18.0"
"thereof oils weight petroleum mixtures minerals biodiesel","9.0","9.0","18.0"
"polysulphones acid resins alginic polysulphides polyacetals polyamides polyethers chapter epoxide amino-resins cellulose polyterpenes derivatives polymers polycarbonates polyallyl i.e note goods products rubber polyurethanes example petroleum alkyd esters silicones primary forms polyesters coumarone-indene chemical phenolic proteins","9.0","9.0","18.0"
"ion primary exchangers forms polymers","9.0","9.0","18.0"
"cross-sectional monofilament plastics sticks profile exceeds shapes","9.0","9.0","18.0"
"pipes fittings plastics hoses therefor tubes","9.0","9.0","18.0"
"rolls self-adhesive strip sheets foil shapes plates flat tape plastics","9.0","9.0","18.0"
"plates plastics non-cellular film sheets foil","9.0","9.0","18.0"
"strip sheets foil plates plastics film","9.0","9.0","18.0"
"conveyance caps stoppers articles goods closures plastics lids","9.0","9.0","18.0"
"hygienic toilet articles kitchenware plastics household tableware","9.0","9.0","18.0"
"b""wares builder s plastics""","9.0","9.0","18.0"
"articles headings plastics bangles bottles plastic  beads","9.0","9.0","18.0"
"strip epdm br factice plates synthetic sheets isobutene-isoprene oils styrene diene butyl primary forms mixtures latex rubber iir product","9.0","9.0","18.0"
"primary forms strip sheets rubber plates","9.0","9.0","18.0"
"waste rubber scrap parings hard powders","9.0","9.0","18.0"
"primary forms sheets rubber plates","9.0","9.0","18.0"
"shapes articles rods discs rings rubber profile tubes example forms","9.0","9.0","18.0"
"thread latex cord rubber","9.0","9.0","18.0"
"profile plates hard sheets shapes rods rubber","9.0","9.0","18.0"
"joints fittings rubber flanges hoses tubes example elbows","9.0","9.0","18.0"
"belts conveyor belting transmission rubber","9.0","9.0","18.0"
"rear tyres tubes tractor","9.0","9.0","18.0"
"hard articles fittings pharmaceutical male water caps hygienic cervical ice teats rubber contraceptives female diaphragms sheath bottles hot bags","9.0","9.0","18.0"
"hard purposes mitts articles accessories gloves apparel clothing mittens surgical","9.0","9.0","18.0"
"hard erasers articles bands rubber","9.0","9.0","18.0"
"example forms hard articles waste scrap rubber ebonite","9.0","9.0","18.0"
"pads saddle  muzzles knee cloths dog saddlery material harness coats traces bags animal","9.0","9.0","18.0"
"holsters purses school suit-cases paper executive-cases plastics food cigarette-cases tool wallets rucksacks spectacle cutlery binocular brief-cases cotton jute pouches toilet beverages bags map-cases sports vanity-cases handbags tobacco bottle-cases boxes instrument cases similar powder-boxes textile materials musical paperboard leather travellingbags satchels containers gun camera trunks fibre","9.0","9.0","18.0"
"pieces tails furriers heads furskins","9.0","9.0","18.0"
"pieces tails heads furskins addition cuttings","9.0","9.0","18.0"
"artificial thereof fur","9.0","9.0","18.0"
"rough wood","9.0","9.0","18.0"
"thickness sawn mm wood lengthwise plywood","9.0","9.0","18.0"
"bamboo board veneer mat resin","9.0","9.0","18.0"
"tiles bamboo","9.0","9.0","18.0"
"waste cork","9.0","9.0","18.0"
"blocks rectangular natural strip blanks stoppers sheets","9.0","9.0","18.0"
"natural bottom stoppers articles corks cork shuttlecock","9.0","9.0","18.0"
"articles cork","9.0","9.0","18.0"
"purposes paper facial toilet webs sheets household similar cellulose rolls towel stock sanitary tissue napkin","9.0","9.0","18.0"
"rolls greaseproof translucent transparent parchment sheets papers paper glassine","9.0","9.0","18.0"
"stencils duplicator offset carbon plates rolls","9.0","9.0","18.0"
"kind goods aseptic rectangular paperboard fibres square cellulose sheets webs","9.0","9.0","18.0"
"slabs blocks paper pulp filter plates","9.0","9.0","18.0"
"cigarette form tubes booklets size paper","9.0","9.0","18.0"
"self-copy boxes offset carbon plates papers","9.0","9.0","18.0"
"assortment cards letter paper wallets paperboard plain blocks envelopes correspondence compendiums stationery pouches","9.0","9.0","18.0"
"cloths napkins fibres accessories tampons shape similar serviettes apparel cellulose rolls babies clothing hospital articles pulp kind width size purposes towels paper table handkerchiefs toilet webs sheets cm household tissues","9.0","9.0","18.0"
"boxes cases board cartons paper","9.0","9.0","18.0"
"memorandum diaries paperboard manifold registers blotting-pads business loose-leaf carbon book forms folders pads letter paper order receipt binders file similar stationary articles books","9.0","9.0","18.0"
"paperboard paper kinds","9.0","9.0","18.0"
"spools paperboard similar cops supports bobbins pulp","9.0","9.0","18.0"
"size paper shape paperboard paperkites fibres trays cellulose mache articles webs braille","9.0","9.0","18.0"
"yarns filament synthetic goods","9.0","9.0","18.0"
"artificial goods yarns filament","9.0","9.0","18.0"
"artificial synthetic tow filament","9.0","9.0","18.0"
"artificial fibres synthetic","9.0","9.0","18.0"
"fibres waste manmade","9.0","9.0","18.0"
"uppers footwear plastics rubber processes sole similar soles","9.0","9.0","18.0"
"soles footwear plastics outer rubber uppers","9.0","9.0","18.0"
"soles footwear leather plastics outer rubber uppers composition","9.0","9.0","18.0"
"soles materials footwear textile leather plastics outer rubber uppers composition","9.0","9.0","18.0"
"removable similar soles articles outer in-soles leggings parts cushions heel uppers footwear gaiters thereof","9.0","9.0","18.0"
"brims plateaux textile caps slit hoods manchons bodies hat-forms shape hat","9.0","9.0","18.0"
"hat-shapes strips brims material shape","9.0","9.0","18.0"
"strips material","9.0","9.0","18.0"
"hair-nets lace textile piece strips material fabric ","9.0","9.0","18.0"
"hat linings chinstraps headgear foundations peaks frames head-bands","9.0","9.0","18.0"
"natural stones nllatural frameworks thereof stone materials wheels ceramics millstones parts","9.0","9.0","18.0"
"paper grain shape paperboard natural textile materials sewn abrasive powder material base","9.0","9.0","18.0"
"similar chapter slag materials wools rock wool vermiculite","9.0","9.0","18.0"
"concrete pipes cast","9.0","9.0","18.0"
"fibre-cement articles asbestos-cement","9.0","9.0","18.0"
"tiles blocks bricks constructional fossil earths refractory similar goods ceramic meals siliceous","9.0","9.0","18.0"
"ceramic tubes goods plugs cupels earths muffles rods supports siliceous similar retorts pipes sheaths example crucibles fossil nozzles refractory meals","9.0","9.0","18.0"
"ware pipes salt","9.0","9.0","18.0"
"ceramic household lamps tableware clay china earthen porcelain toilet pot articles kitchenware","9.0","9.0","18.0"
"balls tubes microspheres glass rods","9.0","9.0","18.0"
"stoppers carboys phials lids kind goods conveyance jars pots glass closures flasks ampoules containers bottles","9.0","9.0","18.0"
"similar glassware kind office toilet table kitchen","9.0","9.0","18.0"
"clock hollow manufacture spheres similar segments","9.0","9.0","18.0"
"pharmaceutical hygienic laboratory","9.0","9.0","18.0"
"mm statuettes microsphers glass prosthetic similar imitaion jewellery articles smallwares jewelery pearls precious diameter stones thereof eyes ornaments imitation semi-precious","9.0","9.0","18.0"
"fibres thereof example yarn wool woven fabrics articles glass","9.0","9.0","18.0"
"spiegeleisen pigs pig primary forms blocks","9.0","9.0","18.0"
"spongy similar minimum purity products lumps weight ferrous","9.0","9.0","18.0"
"waste ingots scrap","9.0","9.0","18.0"
"spiegeleisen pig granules steel powders","9.0","9.0","18.0"
"primary forms steel non-alloy","9.0","9.0","18.0"
"products steel","9.0","9.0","18.0"
"products steel","9.0","9.0","18.0"
"non-alloy rods","9.0","9.0","18.0"
"non-alloy sections shapes angles","9.0","9.0","18.0"
"wire steel non-alloy","9.0","9.0","18.0"
"stainless steel ingots products primary forms","9.0","9.0","18.0"
"products steel stainless","9.0","9.0","18.0"
"steel stainless rods","9.0","9.0","18.0"
"stainless steel wire","9.0","9.0","18.0"
"steel alloy ingots products primary forms","9.0","9.0","18.0"
"products steel alloy","9.0","9.0","18.0"
"steel alloy rods","9.0","9.0","18.0"
"steel wire alloy","9.0","9.0","18.0"
"steel elements shapes sections","9.0","9.0","18.0"
"chairs rack chair rails fish-plates rail point check-rails track wedges steel sole construction railway ties clips tramway pieces material bedplates sleepers base rods blades plates cross-ties switch","9.0","9.0","18.0"
"hollow tubes pipes cast profiles","9.0","9.0","18.0"
"pipes cast profiles steel seamless hollow tubes","9.0","9.0","18.0"
"mm pipes steel tubes crosssections circular external exceeds","9.0","9.0","18.0"
"pipes steel profiles open tubes","9.0","9.0","18.0"
"sleeves fittings couplings example elbows tube steel pipe","9.0","9.0","18.0"
"buildings structures masts example lockgates balustrades frameworks doors towers section lattice plates thresholds angles frames windows bridges steel shapes roofs tubes shutters parts rods transmission columns bridgesections","9.0","9.0","18.0"
"similar mechanical material thermal equipment vats gas reservoirs capacity containers steel tanks","9.0","9.0","18.0"
"capacity containers drums steel tanks mechanical material thermal equipment similar casks","9.0","9.0","18.0"
"gas containers","9.0","9.0","18.0"
"cables bands","9.0","9.0","18.0"
"double wire steel","9.0","9.0","18.0"
"cloth bands metal steel wire endless","9.0","9.0","18.0"
"steel parts","9.0","9.0","18.0"
"thereof grapnels steel parts anchors","9.0","9.0","18.0"
"heads steel similar drawing pins copper articles material","9.0","9.0","18.0"
"spring cotter-pins nuts coach screws rivets cotters washers articles hooks bolts screw steel","9.0","9.0","18.0"
"articles bodkins hooks safety stilettos similar crochet pins ","9.0","9.0","18.0"
"springs steel","9.0","9.0","18.0"
"central non-electric kerosene gas-rings subsidiary parts braziers plate boilers thereof grates steel wood stoves burners cookers domestic similar appliances barbecues","9.0","9.0","18.0"
"steel wool pads","9.0","9.0","18.0"
"cast steel","9.0","9.0","18.0"
"cast steel","9.0","9.0","18.0"
"copper cement mattes","9.0","9.0","18.0"
"electrolytic anodes copper","9.0","9.0","18.0"
"alloys unwrought","9.0","9.0","18.0"
"copper waste scrap","9.0","9.0","18.0"
"copper master alloys","9.0","9.0","18.0"
"copper powders flakes","9.0","9.0","18.0"
"copper profiles rods","9.0","9.0","18.0"
"copper wire","9.0","9.0","18.0"
"mm thickness strip copper 0.12.5 sheets plates","9.0","9.0","18.0"
"copper foils","9.0","9.0","18.0"
"copper tubes pipes","9.0","9.0","18.0"
"example elbows tube copper pipe sleeves fittings couplings","9.0","9.0","18.0"
"cables wires","9.0","9.0","18.0"
"heads steel cotters washers similar bolts drawing pins copper articles rivets staples screws hooks spring nails screw cotter-pins tacks nuts","9.0","9.0","18.0"
"castings metal","9.0","9.0","18.0"
"products sinters nickel oxide mattes metallurgy intermediate","9.0","9.0","18.0"
"nickel unwrought","9.0","9.0","18.0"
"nickel waste scrap","9.0","9.0","18.0"
"nickel powders flakes","9.0","9.0","18.0"
"wire nickel profiles rods","9.0","9.0","18.0"
"nickel strip sheets foil plates","9.0","9.0","18.0"
"example elbows tube pipes nickel pipe sleeves fittings tubes couplings","9.0","9.0","18.0"
"articles nickel","9.0","9.0","18.0"
"unwrought aluminium","9.0","9.0","18.0"
"waste scrap aluminium","9.0","9.0","18.0"
"flakes powders aluminium","9.0","9.0","18.0"
"profiles rods aluminium","9.0","9.0","18.0"
"aluminium wire","9.0","9.0","18.0"
"sheets aluminium plates mm thickness strip","9.0","9.0","18.0"
"similar materials mm paper plastics thickness paperboard aluminium foil","9.0","9.0","18.0"
"tubes aluminium pipes","9.0","9.0","18.0"
"example elbows tube pipe sleeves fittings aluminium couplings","9.0","9.0","18.0"
"buildings structures plates pillars masts example balustrades frameworks towers lattice roofs aluminium tubes parts profiles rods columns","9.0","9.0","18.0"
"capacity containers tanks vats gas reservoirs similar mechanical aluminium material thermal equipment","9.0","9.0","18.0"
"etc cans aluminium drums boxes casks","9.0","9.0","18.0"
"gas aluminium containers","9.0","9.0","18.0"
"cables bands aluminium wires","9.0","9.0","18.0"
"articles aluminium","9.0","9.0","18.0"
"unwrought lead","9.0","9.0","18.0"
"waste scrap lead","9.0","9.0","18.0"
"strip flakes powders sheets foil lead plates","9.0","9.0","18.0"
"seals lead sanitary articles indian fixtures","9.0","9.0","18.0"
"unwrought zinc","9.0","9.0","18.0"
"waste scrap zinc","9.0","9.0","18.0"
"flakes powders dust zinc","9.0","9.0","18.0"
"wire profiles rods zinc","9.0","9.0","18.0"
"strip sheets foil zinc plates","9.0","9.0","18.0"
"sanitary articles fixtures","9.0","9.0","18.0"
"unwrought tin","9.0","9.0","18.0"
"waste scrap tin","9.0","9.0","18.0"
"wire profiles rods tin","9.0","9.0","18.0"
"articles tin","9.0","9.0","18.0"
"tantalum magnesium bismuth titanium manganese indium beryllium germanium chromium cobalt hafnium cadmium niobium tungsten thereof rhenium metals scrap molybdenum mattes gallium articles metallurgy zirconium thallium intermediate columbium products antimony base vanadium","9.0","9.0","18.0"
"waste scrap cermets articles thereof","9.0","9.0","18.0"
"toothless saws blades kinds","9.0","9.0","18.0"
"shears tools croppers pincers metal punches files  tweezers pipe-cutters bolt pliers rasps","9.0","9.0","18.0"
"tap spanners meter sockets wrenches interchangeable spanner torque","9.0","9.0","18.0"
" diamonds machine-tools wheels clamps blow forges frameworks accessories lamps water-jet anvils glaziers tools machines parts vices","9.0","9.0","18.0"
"retail tools","9.0","9.0","18.0"
" tools example earth metal screw turning","9.0","9.0","18.0"
"mechanical knives blades appliances","9.0","9.0","18.0"
"sticks plates cermets tools tips","9.0","9.0","18.0"
"food drink appliances","9.0","9.0","18.0"
"shears tailors blades scissors therefor","9.0","9.0","18.0"
"metal clasps combination key articles locks base padlocks","9.0","9.0","18.0"
"flexible fittings metal base","9.0","9.0","18.0"
"leather accessories eyes clothing buckle-clasps hooks buckles frames awnings metal footwear clasps jewellery watches spangles saddlery books articles tubular rivets kind goods beads eyelets base travel wrist","9.0","9.0","18.0"
"stoppers corks lids base metal screw capsules accessories bottles bungs seals crown caps","9.0","9.0","18.0"
"kind tubes products powder material metal deposition similar carbides electrodes plates wire","9.0","9.0","18.0"
"separation apparatus isotopes nuclear machinery reactors","9.0","9.0","18.0"
"vapour pressure water low steam","9.0","9.0","18.0"
"gas example economisers condensers steam power units soot use vapour boilers recoverers removers super-heaters auxiliary","9.0","9.0","18.0"
"purifiers gas acetylene generators process producer similar water","9.0","9.0","18.0"
"steam vapour turbines","9.0","9.0","18.0"
"wheels hydraulic therefor turbines","9.0","9.0","18.0"
"turbo-propellers engines turbo-jets aircraft turbines gas","9.0","9.0","18.0"
"turbine engine jets hydraulic power reaction engines pneumatic turbo motors parts","9.0","9.0","18.0"
"furnace burners solid mechanical stokers dischargers appliances fuel grates ash liquid similar gas","9.0","9.0","18.0"
"laboratory furnaces non-electric incinerators ovens","9.0","9.0","18.0"
"medical laboratory surgical sterilisers","9.0","9.0","18.0"
"machines metals cylinders glass","9.0","9.0","18.0"
"apparatus centrifuges liquids centrifugal machinery dryers","9.0","9.0","18.0"
"heat-shrink tubes machines jars bags beverages cans dish wrapping containers machinery bottles","9.0","9.0","18.0"
"weights  balances machinery centigrams weight machines","9.0","9.0","18.0"
"powders liquids spray nozzles sprinklers extinguishers steam similar appliances mechanical irrigation drip jet sand equipment machines","9.0","9.0","18.0"
"winches tackle hoists jacks pulley capstans","9.0","9.0","18.0"
"frames derricks mobile works  carriers cranes ship straddle crane cable trucks","9.0","9.0","18.0"
"suitable headings","9.0","9.0","18.0"
"wine cider juices presses fruit crushers beverages machinery manufacture","9.0","9.0","18.0"
"manufacture machinery chapter industrial preparation food extraction fats vegetable animal oils drink","9.0","9.0","18.0"
"paperboard cellulosic paper fibrous material machinery pulp making","9.0","9.0","18.0"
"kinds machinery pulp making machines paperboard","9.0","9.0","18.0"
"equipment making machines cylinders lithographic plates components apparatus purposes headings","9.0","9.0","18.0"
"thereof accessories machinery facsimile machines cylinders parts","9.0","9.0","18.0"
"man-made textile materials machines drawing","9.0","9.0","18.0"
"fibres machinery textile use","9.0","9.0","18.0"
"machines looms","9.0","9.0","18.0"
"net lace machines yarn braid trimmings embroidery tulle","9.0","9.0","18.0"
"auxiliary parts frames shuttle example flyers hosiery needles jacquards spindles accessories healds machinery card machines mechanisms automatic clothing motions dobbies suitable nipples","9.0","9.0","18.0"
"blocks manufacture hats machinery making nonwovens","9.0","9.0","18.0"
"yarns base presses fabrics machinery manufacture","9.0","9.0","18.0"
"skins footwear articles machinery","9.0","9.0","18.0"
"metallurgy foundries ingot moulds machines metal ladles converters kind","9.0","9.0","18.0"
"mills therefor","9.0","9.0","18.0"
"processes electro-discharge machine-tools light ionic-beam photon electron arc plasma beam material electro-chemical laser removal ultrasonic","9.0","9.0","18.0"
"metal unit centres construction station multi-station","9.0","9.0","18.0"
"centres turning metal lathes","9.0","9.0","18.0"
"head way-type machines unit lathes metal turning centres machine-tools","9.0","9.0","18.0"
"products machines cermets gear means machine-tools metal stones","9.0","9.0","18.0"
"cermets gear","9.0","9.0","18.0"
"machine-tools metal","9.0","9.0","18.0"
"machine-tools cermets material","9.0","9.0","18.0"
"concrete stone cold ceramics glass asbestos-cement","9.0","9.0","18.0"
"materials wood bone machines plastics rubber cork hard similar machine-tools","9.0","9.0","18.0"
" use work tool type heads dieheads suitable headings special machines parts holders","9.0","9.0","18.0"
" tools non-electric motor hydraulic","9.0","9.0","18.0"
"machinery appliances","9.0","9.0","18.0"
"machines data registers functions pocket-size","9.0","9.0","18.0"
"data media automatic machines optical form processing readers","9.0","9.0","18.0"
"coin braille stencil hectograph example electric pencil office machines automatic typewriters dispensers non-electric","9.0","9.0","18.0"
"suitable headings parts cases","9.0","9.0","18.0"
"substances paste solid foundry ores sand products machines ceramic powder form earth machinery moulds stone materials mineral","9.0","9.0","18.0"
"electronic hot flashbulbs envelopes glass valves lamps electric glassware tubes","9.0","9.0","18.0"
"chapter plastics rubber machinery products materials","9.0","9.0","18.0"
"chapter appliances kind airports machines","9.0","9.0","18.0"
"metal mineral foundry bases glass plastics rubber carbides ingot boxes mould moulds materials patterns","9.0","9.0","18.0"
"cocks boiler pipes taps tanks appliances valves shells","9.0","9.0","18.0"
"bearings ball","9.0","9.0","18.0"
"screws housings bearings machine ball gears shaft plain crank","9.0","9.0","18.0"
"kind note machines apparatus displays devices accessories manufacture panel chapter semiconductor c boules electronic parts wafers","9.0","9.0","18.0"
"connectors chapter contacts machinery insulators electrical coils","9.0","9.0","18.0"
"electrical inductors converters rectifiers static transformers ","9.0","9.0","18.0"
"similar electro-magnetic articles magnetisation clutches magnet chucks magnets electro-magnets devices clamps permanent couplings brakes","9.0","9.0","18.0"
"electric equipment induction laboratory industrial dielectric treatment furnaces ovens loss materials","9.0","9.0","18.0"
"machines laser hot capable ultrasonic cermets photo gas electron arc plasma metals beam","9.0","9.0","18.0"
"reception area telephones wireless telephone networks communication wide cellular voice network local","9.0","9.0","18.0"
"audio-frequency stands microphones headphones therefor microphone electric amplifier","9.0","9.0","18.0"
"apparatus tuner","9.0","9.0","18.0"
"masters storage phenomena chapter matrices production discs solid-state products media non-volatile cards devices tapes","9.0","9.0","18.0"
"sound police radio defence walkie forces closed-circuit transmission paramilitary two-way cctv apparatus etc reception television cameras talkie","9.0","9.0","18.0"
"box inches monitors tv computer","9.0","9.0","18.0"
"resistors rheostats","9.0","9.0","18.0"
"arresters volts limiters surge junction making plugs switches apparatus voltage example suppressors connectors boxes fuses","9.0","9.0","18.0"
"parts apparatus","9.0","9.0","18.0"
"lamps arc  electrical discharge lamp beam ultra-violet filament","9.0","9.0","18.0"
"example television vacuum camera cathode cold photo-cathode valves cathode-ray arc thermionic vapour tubes gas","9.0","9.0","18.0"
"crystals photosensitive similar transistors diodes piezo-electric devices","9.0","9.0","18.0"
"electronic circuits","9.0","9.0","18.0"
"chapter functions","9.0","9.0","18.0"
"connectors co-axial optical fibre wire cable conductors  cables fibres","9.0","9.0","18.0"
"electrical metal battery purposes brushes carbons carbon electrodes lamp articles kind","9.0","9.0","18.0"
"electrical material insulators","9.0","9.0","18.0"
"machinery scrap chapter accumulators electrical batteries electric parts waste cells","9.0","9.0","18.0"
"containers fluids","9.0","9.0","18.0"
"affidavit government buyer cars goods conditions b period persons officer capable department certifies secretary heavy industries purchase rank dispose","9.0","9.0","18.0"
"vehicles motor","9.0","9.0","18.0"
"centre axle transmission tractors support rim housing tractor rear wheel c parts front","9.0","9.0","18.0"
"carriages parts baby thereof","9.0","9.0","18.0"
"dirigibles aircraft balloons gliders","9.0","9.0","18.0"
"parachutes parts paragliders thereof accessories thereto rotochutes dirigible","9.0","9.0","18.0"
"similar arrestor thereof gear ground trainers parts deck","9.0","9.0","18.0"
"vessels structures","9.0","9.0","18.0"
"material prisms sheets optical mirrors cables fibres fibre plates elements","9.0","9.0","18.0"
"intraocular elements fittings material lens prisms parts instruments optical lenses apparatus","9.0","9.0","18.0"
"vision  corrective goggles spectacles","9.0","9.0","18.0"
"balances weights","9.0","9.0","18.0"
"example callipers chapter micrometers tapes  use length instruments","9.0","9.0","18.0"
"wood paper hardness plastics textiles example elasticity metals properties appliances materials strength mechanical compressibility machines","9.0","9.0","18.0"
"combination hydrometers barometers psychrometers instruments pyrometers hygrometers thermometers","9.0","9.0","18.0"
"gauges level gases flow meters variables pressure example manometers instruments liquids heat","9.0","9.0","18.0"
"apparatus light expansion spectrometers meters gas example quantities physical smoke instruments chemical tension appratus porosity analysis polarimeters surface heat microtomes viscosity refractometers exposure","9.0","9.0","18.0"
"meters therefor liquid gas","9.0","9.0","18.0"
"production revolution indicators taximeters stroboscopes tachometers pedometers speed","9.0","9.0","18.0"
"alpha cosmic beta instruments quantities radiations spectrum gamma electrical oscilloscopes xray meters analysers","9.0","9.0","18.0"
"machines projectors","9.0","9.0","18.0"
"apparatus instruments","9.0","9.0","18.0"
"parts apparatus appliances instruments accessories chapter","9.0","9.0","18.0"
"clocks movements","9.0","9.0","18.0"
"complete movements","9.0","9.0","18.0"
" clock","9.0","9.0","18.0"
"incomplete clock","9.0","9.0","18.0"
"similar type clock parts goods chapter thereof  cases","9.0","9.0","18.0"
"military pistols revolvers weapons","9.0","9.0","18.0"
"similar humane project revolvers ammunition flares blank explosive killers pistols guns rifles captive-bolt devices firearms example shotguns charge","9.0","9.0","18.0"
"example guns arms truncheons spring pistols air gas","9.0","9.0","18.0"
"parts articles headings accessories","9.0","9.0","18.0"
"mines ammunition bombs war shot cartridge projectiles cartridges missiles wads similar parts grenades thereof munitions torpedoes","9.0","9.0","18.0"
"parts arms lances lasses sheaths thereof bayonets swords therefor","9.0","9.0","18.0"
"similar surgical beds chairs veterinary barbers medical example fittings dentists parts examination furniture hospital articles tables movements","9.0","9.0","18.0"
"cane rattan thereof bamboo furniture ","9.0","9.0","18.0"
"articles pillows material mattress cushions coir plastics rubber  example  quilts mattresses cotton products eiderdowns similar textile materials","9.0","9.0","18.0"
"thereof lamps nameplates chimney core parts lamp lanterns mcpcb driver circuit fittings kerosene mantles searchlights lights light glass fixtures signs lantern hurricane pressure board gas metal","9.0","9.0","18.0"
"electronic tricycles scooters etc pedal parts thereof accessories toys cars","9.0","9.0","18.0"
"novelty entertainment festive articles tricks carnival jokes","9.0","9.0","18.0"
"athletics equipment articles sports physical gymnastics goods","9.0","9.0","18.0"
"galleries menageries fairground swings amusements circuses roundabouts","9.0","9.0","18.0"
"material pastes gums stearin articles wax gelatin vegetable materials mineral","9.0","9.0","18.0"
"buttons blanks button base plastics coconut material metals textile shell","9.0","9.0","18.0"
"parts brush floor squeegees mops broom pads brushes rollers appliances brooms vegetable materials sweepers mechanical  roller dusters knots","9.0","9.0","18.0"
" sieves riddles","9.0","9.0","18.0"
"shoe travel toilet","9.0","9.0","18.0"
"parts fasteners thereof slide","9.0","9.0","18.0"
"pens fountain stylograph","9.0","9.0","18.0"
"boards surface","9.0","9.0","18.0"
" stamps devices date sticks labels","9.0","9.0","18.0"
"impressions typewriter spools ink-pads boxes","9.0","9.0","18.0"
"electrical mechanical parts thereof wicks cigarette lighters","9.0","9.0","18.0"
"complete vacuum parts thereof glass flasks cases inners","9.0","9.0","18.0"
"shop window figures automata displays tailors","9.0","9.0","18.0"
"tripods articles bipods monopods","9.0","9.0","18.0"
"control research transmission gear items machinery manufacture appliances development materials setting initial raw auxiliary movers aforesaid components prime apparatus purposes quality expansion","9.0","9.0","18.0"
"laboratory chemicals","9.0","9.0","18.0"
"tyre tractors","9.0","9.0","18.0"
"tyres tube tractor","9.0","9.0","18.0"
"power diesel engines suitable 15hp","9.0","9.0","18.0"
"agricultural tractor cc cylinder engine capacity","9.0","9.0","18.0"
"concrete pumps displacement rotary","9.0","9.0","18.0"
"tractors pumps hydraulic","9.0","9.0","18.0"
"parts thereof tractors bumpers","9.0","9.0","18.0"
"brakes parts assembly thereof tractors","9.0","9.0","18.0"
"parts thereof tractors gear boxes","9.0","9.0","18.0"
"parts transaxles thereof tractors","9.0","9.0","18.0"
"road parts wheels accessories thereof tractors","9.0","9.0","18.0"
"parts assembly radiator thereof tractors","9.0","9.0","18.0"
"silencer assembly thereof arts tractors","9.0","9.0","18.0"
"parts assembly thereof tractors clutch","9.0","9.0","18.0"
"parts wheels thereof tractor","9.0","9.0","18.0"
"parts thereof hydraulic tractor","9.0","9.0","18.0"
"side parts tank thereof fuel tractors fender wrapper panel hood plates","9.0","9.0","18.0"
"gazette state purposes means states section governments lotteries tax act price meaning ticket services regulation clause  sub-rule lottery  official higher.explanation sub-section rules","14.0","14.0","28.0"
"cocoa butter fat oil","9.0","9.0","18.0"
"sugar powder","9.0","9.0","18.0"
"cocoa chocolates preparations food","9.0","9.0","18.0"
"basis essences extracts preparations coffee concentrates","9.0","9.0","18.0"
"pan masala","14.0","14.0","28.0"
"refuse leaves tobacco","14.0","14.0","28.0"
"cigars cigarillos cigarettes tobacco cheroots substitutes","14.0","14.0","28.0"
"substitutes essences  extracts biris","14.0","14.0","28.0"
"portland cement slag form aluminous sulphate cements hydraulic","14.0","14.0","28.0"
"non-aqueous lacquers synthetic note enamels varnishes polymers paints","14.0","14.0","28.0"
"aqueous medium natural varnishes enamels","14.0","14.0","28.0"
"kind water distempers lacquers varnishes enamels paints pigments","14.0","14.0","28.0"
"ceilings facades painters putty  mastics walls glaziers resin indoor cements refractory preparations fillings floors non","14.0","14.0","28.0"
"hair preparations","9.0","9.0","18.0"
"retail powders pastes individual packages powder denture yarn preparations hygiene fixative dental tooth oral floss teeth","9.0","9.0","18.0"
"after-shave deodorisers personal odoriferous disinfectant lobhan deodorants preparations pre-shave perfumery properties dhoop sambhrani agarbattis batti toilet depilatories bath cosmetic","9.0","9.0","18.0"
"surface-active oil agents soap fish auxiliary preparations castor sperm surfaceactive","9.0","9.0","18.0"
"constituents kind grease weight bolt mould furskins release oil treatment anti-corrosion petroleum nut minerals basic textile materials cutting-oil bituminous leather preparations","9.0","9.0","18.0"
"paper glass plastics rubber similar floors form footwear metal waxes powders pastes coachwork furniture polishes preparations cellular creams nonwovens","9.0","9.0","18.0"
"b""retail pastes sticks   shapes impression calcium wax gypsum dentistry basis plaster similar plates packings compounds sale sulphate s children preparations horseshoe amusement""","9.0","9.0","18.0"
"industrial explosives propellant","9.0","9.0","18.0"
"rain pyrotechnic fireworks rockets flares articles fog","9.0","9.0","18.0"
"forms ferro-cerium lighters similar filling combustible articles liquid kind note pyrophoric alloys containers chapter materials cigarette liquefied-gas","9.0","9.0","18.0"
"preparations mineral gasoline additives oxidation viscosity anti-corrosive liquids anti-knock purposes gum inhibitors  improvers","9.0","9.0","18.0"
"charges fire-extinguishers grenades preparations","9.0","9.0","18.0"
"varnish paint organic composite solvents","9.0","9.0","18.0"
"fluids brake petroleum minerals bituminous weight liquids transmission","9.0","9.0","18.0"
"preparations fluids","9.0","9.0","18.0"
"floor rolls self-adhesive tiles coverings wall plastics","9.0","9.0","18.0"
"baths lavatory similar pans shower basins plastics ware  sinks sanitary cisterns seats","9.0","9.0","18.0"
"new aircraf cycle kind pneumatic on/in rear tyres rickshaws bicycles tractor","14.0","14.0","28.0"
"tyres flaps","14.0","14.0","28.0"
"composition clothing articles leather accessories sports gloves apparel","9.0","9.0","18.0"
"composition articles leather","9.0","9.0","18.0"
"b"" gut silk-worm bladders articles goldbeater s skin tendons""","9.0","9.0","18.0"
"clothing furskin articles accessories apparel","9.0","9.0","18.0"
"strand wood resins wafer board example particle similar materials substances","9.0","9.0","18.0"
"boards fibre board materials wood substances ligneous resins","9.0","9.0","18.0"
"plywood panels","9.0","9.0","18.0"
"profile plates blocks wood shapes strips","9.0","9.0","18.0"
"photographs paintings mirrors objects wooden frames","9.0","9.0","18.0"
"panels cellular shakes  builders wood joinery shingles carpentry","9.0","9.0","18.0"
" blocks wood tableware parts","9.0","9.0","18.0"
" coverings transparencies paper window wall","9.0","9.0","18.0"
"flowers parts fruit articles artificial thereof foliage","9.0","9.0","18.0"
"materials wigs wool textile use making animal hair","9.0","9.0","18.0"
"hair human textile materials false wigs articles switches animal eyelashes","9.0","9.0","18.0"
"stone curbstones natural slate flagstones setts","9.0","9.0","18.0"
"low cubes goods fruit articles cachou ashtrays mosaic pedestals ornamental slate thereof power stone bowls boxes vases foliage animals statues weights figures monumental reliefs statuettes chippings artificial building cups etc","9.0","9.0","18.0"
"articles slate","9.0","9.0","18.0"
"example petroleum asphalt coal articles bitumen material tar pitch","9.0","9.0","18.0"
"articles plaster waste boards shavings wood chips particles sawdust binders tiles straw fibre panels similar vegetable cement mineral blocks","9.0","9.0","18.0"
"similar articles  plaster compositions sheets boards panels","9.0","9.0","18.0"
"concrete stone ","9.0","9.0","18.0"
"articles goods gaskets basis mixtures magnesium thread fabric carbonate example footwear fibres asbestos clothing","9.0","9.0","18.0"
"asbestos friction rolls cellulose materials mineral segments substances articles discs strips material clutches basis sheets washers pads textiles example brakes thereof","9.0","9.0","18.0"
"paperboard articles paper materials mica","9.0","9.0","18.0"
"peat stone aggregate mineral blocks substances articles ash content fly fibres carbon","9.0","9.0","18.0"
"tiles example  blocks kieselguhr fossil diatomite ceramic meals siliceous tripolite goods similar earths","9.0","9.0","18.0"
"tiles blocks ceramic support","9.0","9.0","18.0"
"architectural chimney constructional liners cowls chimney-pots ceramic ornaments goods","9.0","9.0","18.0"
"ceramic fittings pipes conduits pipe","9.0","9.0","18.0"
"tiles flags ceramic mosaic cubes wall hearth ceramics","9.0","9.0","18.0"
"ceramic troughs kind goods conveyance laboratory jars chemical tubs articles pots receptacles wares uses agriculture","9.0","9.0","18.0"
"similar pans fixtures sinks sanitary basin cisterns ceramic basins pedestals urinals baths bidets closet","9.0","9.0","18.0"
"cast profiles absorbent sheets","9.0","9.0","18.0"
"blown sheets glass","9.0","9.0","18.0"
"surface layer absorbent sheets float glass","9.0","9.0","18.0"
" rear-view mirrors glass","9.0","9.0","18.0"
"thereof fittings lamps electric cathode-ray bulbs tubes parts envelopes glass","9.0","9.0","18.0"
"optical glassware","9.0","9.0","18.0"
"similar plates blocks panels lights cubes smallwares kind squares mosaics building forms bricks purposes construction glass tiles slabs foam multi-cellular decorative shells","9.0","9.0","18.0"
"wick founts lanterns chimneys articles glass lamps kerosene globes","9.0","9.0","18.0"
"central distributors fresh steel hot parts blower thereof motor-driven radiators heaters","9.0","9.0","18.0"
"ware sanitary steel parts","9.0","9.0","18.0"
"articles copper","9.0","9.0","18.0"
"table kitchen articles aluminium household utensils goods","9.0","9.0","18.0"
"blades strips razor blanks razors blade","9.0","9.0","18.0"
"cutlery butchers articles sharpeners cleavers pencil nail knives instruments choppers paper kitchen therefor example clippers files manicure hair pedicure","9.0","9.0","18.0"
"articles saddlery fittings base coachwork brackets furniture mountings similar castors windows hatracks staircases chests suitable door hat-pegs fixtures blinds  closers metal doors caskets trunks","9.0","9.0","18.0"
"cash base strong-boxes doors safes strong-rooms deed metal deposit boxes lockers","9.0","9.0","18.0"
"paper card-index pen metal trays equipment office base desk office-stamp furniture","9.0","9.0","18.0"
"similar offices clips articles fittings strips tags office base example  metal files corners letter staples paper upholstery binders","9.0","9.0","18.0"
"similar plates sign-plates numbers address-plates metal symbols name-plates base","9.0","9.0","18.0"
" engines engine internal piston spark-ignition combustion rotary aircraft","14.0","14.0","28.0"
"15hp power diesel engines","6.0","6.0","12.0"
"piston pumps combustion garages medium fuel type stations internal filling","14.0","14.0","28.0"
"fans compressors vacuum  bicycle pumps filters hoods parts gas fan","9.0","9.0","18.0"
"humidity air-conditioning temperature fan motor-driven elements machines","14.0","14.0","28.0"
"equipment machines freezers air pumps","14.0","14.0","28.0"
"equipment kind cooking laboratory machinery ovens purposes heater process temperature furnaces storage domestic materials heaters solar non-electric","9.0","9.0","18.0"
"trucks fork-lift","9.0","9.0","18.0"
"lifts teleferics escalators example conveyors","9.0","9.0","18.0"
"mechanical bulldozers rollers scrapers angledozers graders shovels levellers shovel loaders road machines excavators","9.0","9.0","18.0"
"snowblowers ores earth minerals snow-ploughs pile-extractors machinery","9.0","9.0","18.0"
"machines laundry-type","14.0","14.0","28.0"
"food stamps money automatic machines cigarette postage","9.0","9.0","18.0"
"chapter tobacco machinery making","9.0","9.0","18.0"
"universal machine clutches shaft converters changers cam flywheels pulleys torque couplings joints crank cranks shafts speed blocks transmission pulley gear boxes","14.0","14.0","28.0"
"pouches packings similar composition envelopes material assortments gaskets seals layers  metal dissimilar joints","9.0","9.0","18.0"
"primary batteries cells","9.0","9.0","18.0"
"rectangular separators accumulators electric square therefor","14.0","14.0","28.0"
"vacuum cleaners","14.0","14.0","28.0"
" electro-mechanical electric grinder domestic cleaners stone appliances vacuum wet motor","14.0","14.0","28.0"
"shavers motor electric hair appliances","14.0","14.0","28.0"
"internal starter glow ignition magnetos compression-ignition equipment kind plugs coils combustion cut-outs engines magneto-dynamos spark-ignition alternators conjunction example generators dynamos","14.0","14.0","28.0"
"articles demisters motor equipment kind vehicles defrosters","9.0","9.0","18.0"
"electric equipment function example batteries lamps portable energy dry accumulators magnetos","9.0","9.0","18.0"
"example storage immersion apparatus electrothermic  heaters resistors hair space curlers appliances electric kind soil dryers irons tong instantaneous","14.0","14.0","28.0"
"headings accessories parts apparatus","9.0","9.0","18.0"
"digital camera recorders cctv cameras video","14.0","14.0","28.0"
"remote apparatus navigational aid control radio radar","9.0","9.0","18.0"
"apparatus reception","9.0","9.0","18.0"
"sound box inches radio-broadcast top apparatus reception monitors video television projectors receiver","14.0","14.0","28.0"
"waterways parts port electrical roads tramways airfields safety facilities control inland equipment traffic apparatus suitable headings","9.0","9.0","18.0"
"installations control inland equipment waterways port airfields safety facilities electrical roads tramways railways","9.0","9.0","18.0"
"sound electric alarms sirens panels indicator apparatus fire example visual","9.0","9.0","18.0"
"connectors optical boxes fuses plugs switches connections apparatus bundles relays voltage example suppressors lampholders cables fibres fibre volts surge junction sockets","9.0","9.0","18.0"
"electricity instruments numerical panels chapter bases control cabinets apparatus","9.0","9.0","18.0"
"electrical metal joints appliances assembly components sockets fittings material equipment therefor insulators example machines base conduit","9.0","9.0","18.0"
"motor vehicles transport persons","14.0","14.0","28.0"
"motor vehicles cars persons","14.0","14.0","28.0"
"vehicles goods transport motor","14.0","14.0","28.0"
"mobile transport unit crane workshops motor vehicles goods concrete-mixer radiological fire example road sweeper lorries special persons breakdown purpose","14.0","14.0","28.0"
"headings motor vehicles engines","14.0","14.0","28.0"
"bodies headings motor vehicles","14.0","14.0","28.0"
"headings accessories motor tractors vehicles","14.0","14.0","28.0"
"short tractors transport areas trucks equipment vehicles airports goods warehouses parts dock railway factories type","14.0","14.0","28.0"
"motorcycles mopeds cycles auxiliary side-cars","14.0","14.0","28.0"
"parts headings accessories","14.0","14.0","28.0"
"carts vehicles parts semi-trailers agricultural e.g trailers thereof rickshaws","14.0","14.0","28.0"
"boats sports canoes yachts pleasure","14.0","14.0","28.0"
"telescopes mountings optical therefor binoculars monoculars astronomical radio-astronomy instruments","9.0","9.0","18.0"
"flashlight discharge apparatus flashbulbs cameras photographic lamps cinematographic","9.0","9.0","18.0"
"apparatus cameras","9.0","9.0","18.0"
"reducers projectors image enlargers photographic cinematographic","9.0","9.0","18.0"
"projection apparatus photographic chapter laboratories screens equipment cinematographic","9.0","9.0","18.0"
"microscopes photomicrography microprojection cinephotomicrography optical compound","9.0","9.0","18.0"
"microscopes diffraction apparatus optical","9.0","9.0","18.0"
"lasers articles devices headings crystal liquid laser diodes instruments optical appliances chapter","9.0","9.0","18.0"
"direction appliances compasses navigational instruments","9.0","9.0","18.0"
"hydrological  oceanographic geophysical meteorological compasses rangefinders photogrammetrical instruments appliances hydrographic","9.0","9.0","18.0"
"dental x-ray high apparatus uses xray veterinary chairs treatment examinations x-rays medical  alpha radiations surgical gamma control radiography tubes beta desks generators tension tables radiotherapy screens panels","9.0","9.0","18.0"
"unsuitable education apparatus models instruments purposes uses exhibitions","9.0","9.0","18.0"
"wrist-watches stop-watches pocket-watches metal watches case clad precious","9.0","9.0","18.0"
"wrist-watches pocket-watches","9.0","9.0","18.0"
"similar type vessels vehicles aircraft clocks spacecraft instrument panel","9.0","9.0","18.0"
"example time  intervals day time-registers motor clock movement time-recorders apparatus synchronous","9.0","9.0","18.0"
"time switches movement synchronous motor clock","9.0","9.0","18.0"
"thereof cases","9.0","9.0","18.0"
"thereof bands straps bracelets  parts","9.0","9.0","18.0"
"automatic harpsi-chords pianos instruments","9.0","9.0","18.0"
"musical instruments string harps guitars violins","9.0","9.0","18.0"
"mechanical instruments street keyboard organs clarinets trumpets example accordions fairground musical bagpipes","9.0","9.0","18.0"
"musical percussion instruments maracas cymbols castanets drums xylophones","9.0","9.0","18.0"
"organs guitars sound example accordions","9.0","9.0","18.0"
"sound mouth-blown fairground mechanical instruments street horns kinds decoy calls boxes birds","9.0","9.0","18.0"
"metronomes forks pipes cards example  musical accessories rolls discs mechanisms parts instruments kinds boxes pitch","9.0","9.0","18.0"
"beds  seats convertible aircraft kind parts","9.0","9.0","18.0"
"machines consoles games video","14.0","14.0","28.0"
"bowls pipes cigar pipe parts holders thereof","14.0","14.0","28.0"
"similar powder-puffs heads scent mounts pads toilet cosmetics preparations application sprays therefor","14.0","14.0","28.0"
"dutiable use articles","14.0","14.0","28.0"
"lottery state","14.0","14.0","28.0"
"convenience pearls","1.5","1.5","3.0"
"sawn diamonds","1.5","1.5","3.0"
"sawn stones transport diamonds convenience semi-precious","1.5","1.5","3.0"
"sawn stones synthetic strung convenience semi-precious","1.5","1.5","3.0"
"natural stones dust semi-precious precious powder synthetic","1.5","1.5","3.0"
"silver forms platinum powder unwrought form","1.5","1.5","3.0"
"base clad metals","1.5","1.5","3.0"
"unwrought form","1.5","1.5","3.0"
"base clad metals","1.5","1.5","3.0"
"forms platinum powder unwrought form","1.5","1.5","3.0"
"base clad platinum metals","1.5","1.5","3.0"
"metal recovery clad scrap kind compounds precious waste","1.5","1.5","3.0"
"metal parts jewellery articles clad thereof precious bangles lac/shellac","1.5","1.5","3.0"
"goldsmiths metal parts wares articles clad thereof precious silversmiths","1.5","1.5","3.0"
"metal articles clad precious","1.5","1.5","3.0"
"stones semi-precious articles pearls precious","1.5","1.5","3.0"
"imitation jewellery","1.5","1.5","3.0"
"non-industrial sawn diamonds","0.125","0.125","0.25"
"sawn diamonds stones semi-precious","0.125","0.125","0.25"
"sawn stones semi-precious","0.125","0.125","0.25"
"suitable paper cakes pastry pizza bread biscuits  cachets wares productsother plain similar bakers empty use rice communion kind chapatti cocoa products pharmaceutical  roti wafers khakhra rusks","9.0","9.0","18.0"
"consumption name","Nil","Nil","Nil"
"kind cycle tubes on/in inner bicycles tractor tyre cycle-rickshaws","9.0","9.0","18.0"
"hard articles fittings pharmaceutical male water caps hygienic cervical ice teats rubber contraceptives female diaphragms sheath bottles hot bags","9.0","9.0","18.0"
